1 , 4.02611952027 , 0.769861600255 , 100 , 19:38:05.696062 , 0.0 , 0.26383 , 0.0 , 0.0 , 0.0 , 0.92577 , 0.65483 , 0.99416 , 0.4125 , 0.0 , 0.32581 , 2.93605 , 0.0 , 0.0 , 0.0 , 3.5499 , 0.55316 , 3.0654 , 0.0 , 0.25742 , 3.605 , 0.91367 , 0.05078 , 0.0 , 0.0 , 0.0 , 0.0 , 1.40807 , 0.0 , 0.7419 , 0.0 , 0.94306 , 0.08342 , 0.0 , 3.32526 , 1.44214 , 0.13262 , 1.52028 , 0.17783 , 0.08536 , 0.0 , 0.10004 , 2.8668 , 0.0 , 0.0 , 0.0 , 0.0 , 0.27365 , 0.23374 , 0.0 , 0.63345 , 3.70436 , 0.0 , 0.17478 , 0.0 , 0.94115 , 3.15977 , 1.07525 , 0.0 , 0.0 , 0.0 , 0.0 , 3.42516 , 0.13341 , 0.0 , 3.11607 , 0.59536 , 4.02612 , 0.15115 , 0.12877 , 2.32279 , 3.42781 , 0.0 , 0.26722 , 1.08532 , 2.18434 , 1.42425 , 1.88128 , 2.07839 , 2.53691 , 0.55237 , 0.0 , 0.0 , 0.53899 , 1.48276 , 2.71333 , 0.0 , 0.00848 , 0.0 , 0.0 , 0.07591 , 0.41036 , 0.0 , 0.0 , 0.0 , 0.88838 , 0.0 , 0.0 , 0.0 , 0.0
2 , 3.70435652137 , 0.618051785943 , 100 , 19:38:06.388196 , 0.83454 , 0.0 , 0.82389 , 0.0 , 1.4639 , 0.21154 , 0.78233 , 1.45134 , 0.0 , 0.78036 , 2.58414 , 0.0 , 0.0 , 0.15291 , 2.74312 , 0.0 , 0.0 , 0.00852 , 0.15912 , 1.39103 , 0.0 , 1.62744 , 0.0 , 0.0 , 0.0 , 0.0 , 2.69457 , 0.0 , 1.56334 , 0.0 , 2.43361 , 0.11084 , 0.08509 , 0.19005 , 1.61531 , 3.60372 , 2.123 , 3.70436 , 2.85361 , 0.0 , 1.65139 , 0.83401 , 1.19046 , 0.0 , 0.0 , 3.12279 , 3.06338 , 0.59536 , 0.03251 , 0.0 , 0.0 , 0.17429 , 0.0 , 0.0 , 0.0 , 0.0 , 0.0 , 0.0 , 1.49292 , 0.0 , 0.01414 , 0.0 , 1.47813 , 0.24234 , 0.0 , 2.08765 , 0.0 , 0.0 , 1.43173 , 0.06736 , 0.2374 , 0.32324 , 0.40976 , 0.0 , 0.0 , 0.0 , 1.77695 , 0.0 , 0.0 , 0.0 , 0.03864 , 1.72691 , 0.44683 , 2.12773 , 0.43816 , 0.0 , 0.0 , 0.0 , 0.3997 , 0.0 , 0.06082 , 0.0 , 0.0 , 0.0 , 0.0 , 0.0 , 0.0 , 0.0 , 0.34884
3 , 4.29932901263 , 1.00298086158 , 100 , 19:38:06.979498 , 3.23585 , 2.31999 , 0.49512 , 1.77695 , 0.30362 , 0.22161 , 0.0 , 0.0 , 3.2354 , 0.13121 , 0.19939 , 0.6451 , 1.12395 , 1.24266 , 0.66387 , 0.3143 , 3.34653 , 0.0 , 0.0 , 2.32895 , 1.70499 , 0.0 , 2.79907 , 1.34681 , 0.0 , 0.0 , 0.0 , 0.0 , 0.0 , 0.27039 , 0.0 , 0.0 , 1.45591 , 3.32266 , 2.35571 , 0.97742 , 0.20811 , 0.0 , 1.23073 , 3.40108 , 1.49106 , 0.0 , 3.73502 , 0.64559 , 0.74107 , 0.0 , 3.22322 , 0.0 , 4.29933 , 1.77613 , 0.67936 , 0.0 , 0.8276 , 1.73303 , 0.12125 , 0.53425 , 1.90255 , 1.08487 , 0.0 , 2.66049 , 0.0 , 0.8879 , 4.29933 , 0.0 , 0.0 , 0.0 , 0.0 , 0.0 , 0.0 , 0.40315 , 2.0364 , 0.0 , 1.22924 , 0.0 , 2.87794 , 3.06064 , 0.0 , 0.0 , 0.0 , 0.32471 , 0.06527 , 1.84029 , 0.19338 , 0.01743 , 1.00326 , 0.0 , 0.0 , 3.93296 , 0.00723 , 0.0 , 0.01314 , 3.44005 , 0.31768 , 2.04036 , 1.94794 , 0.0 , 0.0 , 4.07487 , 0.17267
4 , 4.69135844211 , 1.28969449951 , 100 , 19:38:07.622131 , 0.64622 , 2.38937 , 2.28828 , 1.95749 , 2.9051 , 0.10373 , 2.35571 , 0.13142 , 1.92186 , 0.0 , 3.65561 , 0.0 , 1.24844 , 0.36147 , 0.75842 , 0.0 , 3.12955 , 0.0 , 4.69136 , 1.08542 , 4.29933 , 2.36711 , 0.0 , 0.0 , 0.13485 , 1.31957 , 0.0 , 1.45396 , 0.0 , 0.0 , 0.0 , 3.18299 , 0.0 , 1.45396 , 2.99678 , 2.08149 , 0.0 , 0.96806 , 0.21433 , 0.0 , 0.0 , 0.35566 , 3.65483 , 0.0 , 0.0 , 3.04697 , 2.12923 , 1.4639 , 4.29933 , 1.18601 , 0.0 , 0.47805 , 0.0 , 0.0 , 4.08883 , 1.23365 , 2.29121 , 0.46339 , 2.63065 , 2.51991 , 0.22917 , 0.0 , 0.0 , 0.0 , 2.91859 , 0.0 , 0.0 , 2.00335 , 1.91375 , 3.14606 , 0.0 , 0.61446 , 0.0 , 0.10123 , 2.39657 , 2.23102 , 3.71755 , 0.32931 , 1.29578 , 0.0 , 0.85079 , 1.45396 , 0.04231 , 1.96618 , 1.78186 , 2.20348 , 0.0 , 0.0 , 1.76177 , 0.0 , 0.76251 , 0.12131 , 3.30647 , 0.68396 , 3.56992 , 3.89406 , 0.0 , 1.01812 , 3.98272 , 0.72967
5 , 4.29932901263 , 1.1144571302 , 100 , 19:38:08.304174 , 0.86604 , 2.27627 , 0.80876 , 0.0 , 0.0 , 2.91921 , 1.45911 , 2.57839 , 0.0 , 4.22395 , 0.18544 , 0.26111 , 0.31309 , 1.46912 , 0.0 , 0.0 , 3.33966 , 2.4574 , 0.15587 , 1.77339 , 3.02048 , 2.96782 , 0.086 , 1.22925 , 3.50331 , 2.24042 , 1.78686 , 0.0 , 1.58249 , 0.21365 , 2.62277 , 1.66944 , 0.0 , 0.0 , 0.0 , 0.0 , 1.92875 , 2.77631 , 1.33075 , 0.0 , 0.0 , 0.0 , 1.73888 , 0.46158 , 1.27699 , 0.0 , 0.0 , 1.36367 , 0.54157 , 0.23053 , 1.12221 , 3.46741 , 4.29933 , 0.6451 , 0.13588 , 0.0 , 0.0 , 3.21618 , 0.12201 , 0.0 , 0.19886 , 1.60259 , 3.43333 , 0.0 , 1.52455 , 0.0 , 0.33057 , 1.3509 , 0.0 , 4.17878 , 0.0 , 0.65801 , 0.0 , 0.0 , 0.02838 , 0.0 , 0.0 , 0.60349 , 1.64496 , 0.88473 , 0.0 , 0.0 , 3.70648 , 0.0 , 2.90465 , 2.35828 , 1.87575 , 1.27333 , 0.1713 , 0.83182 , 2.69132 , 0.81544 , 3.70436 , 0.90879 , 0.29668 , 2.80188 , 0.0 , 0.0
6 , 4.91558914383 , 1.28441522616 , 100 , 19:38:08.988656 , 2.20174 , 0.67659 , 2.28828 , 0.27718 , 0.0 , 5e-05 , 0.30653 , 1.0947 , 3.75931 , 3.69825 , 3.1829 , 3.01118 , 0.0 , 0.00042 , 0.85884 , 1.45396 , 2.00521 , 1.20036 , 0.0 , 3.6111 , 0.0 , 0.0 , 2.8496 , 0.41617 , 0.0 , 0.0 , 3.48593 , 3.65891 , 0.0 , 0.0 , 0.0 , 0.0 , 1.4965 , 3.5313 , 1.45396 , 4.29933 , 1.21013 , 1.44428 , 3.89746 , 1.07498 , 1.46985 , 0.0 , 0.0 , 0.0 , 3.4471 , 1.46206 , 0.0 , 0.87509 , 1.4639 , 2.19807 , 0.17274 , 0.0 , 1.49685 , 1.21238 , 0.0 , 1.4639 , 0.0502 , 1.00688 , 0.85014 , 0.0 , 2.10009 , 0.63164 , 3.0458 , 1.67568 , 3.25861 , 1.53604 , 0.65976 , 0.0 , 1.64272 , 0.0 , 0.0 , 0.0 , 4.01471 , 1.11493 , 0.55729 , 1.65834 , 2.1582 , 0.0 , 1.94079 , 0.0 , 3.32704 , 3.54937 , 0.4409 , 4.91559 , 0.0 , 1.19684 , 0.00388 , 0.18911 , 3.49025 , 0.54109 , 0.0 , 0.0 , 0.0 , 3.07464 , 4.29933 , 0.72537 , 0.0 , 0.0 , 1.07919 , 0.0
7 , 4.49868924419 , 1.23997290161 , 100 , 19:38:09.630182 , 0.0 , 1.15508 , 0.55772 , 0.0 , 4.45503 , 2.26038 , 2.61635 , 3.72199 , 0.74229 , 0.61083 , 0.0 , 0.03472 , 0.0 , 0.62297 , 0.0 , 2.66446 , 0.0 , 2.91516 , 0.0 , 4.49869 , 1.35263 , 0.0 , 1.85358 , 0.0 , 0.20881 , 2.94783 , 3.3954 , 0.0 , 1.07588 , 3.80596 , 2.17564 , 0.0 , 0.0 , 3.50549 , 0.0 , 1.31041 , 0.0 , 1.24848 , 0.0 , 0.0 , 0.92503 , 1.27368 , 0.94549 , 1.2167 , 3.63455 , 1.56514 , 1.65601 , 0.55657 , 3.51601 , 0.0 , 0.0 , 0.04829 , 0.96224 , 0.0 , 0.6451 , 3.0393 , 0.0 , 0.0 , 0.0 , 0.0 , 0.95965 , 3.19443 , 1.37519 , 0.0 , 3.34841 , 0.29512 , 1.53411 , 0.0 , 0.0 , 0.0 , 4.07632 , 2.45344 , 0.67976 , 3.34268 , 1.89877 , 3.59667 , 1.15634 , 0.57662 , 4.48415 , 0.0 , 0.0 , 0.0 , 0.0 , 0.04253 , 0.0 , 0.23785 , 3.70436 , 2.79914 , 1.4639 , 1.84582 , 3.47602 , 1.17143 , 4.29933 , 0.0 , 0.0 , 0.08365 , 1.54422 , 0.0 , 0.0 , 0.63745
8 , 4.58741394679 , 1.13622669397 , 100 , 19:38:10.317281 , 3.14984 , 3.06107 , 1.66211 , 1.26145 , 1.00784 , 1.46912 , 3.88789 , 1.19546 , 0.0 , 0.10767 , 0.0 , 1.16232 , 0.0 , 3.08273 , 4.58741 , 0.72194 , 0.0 , 0.68642 , 0.69999 , 3.58155 , 3.03506 , 2.46112 , 1.71929 , 0.78275 , 0.0 , 0.0992 , 0.0 , 0.0091 , 3.56807 , 2.08509 , 3.27897 , 1.29293 , 0.0 , 1.17029 , 3.55904 , 0.20591 , 1.22006 , 0.0 , 0.60229 , 1.16482 , 0.00307 , 3.86119 , 0.73591 , 0.0 , 1.18301 , 0.3105 , 2.96396 , 1.29199 , 3.78475 , 0.01277 , 1.49107 , 2.86231 , 0.0 , 0.94104 , 3.02365 , 0.0 , 0.0 , 1.90781 , 0.0 , 3.86486 , 1.36082 , 0.0 , 0.0 , 0.11736 , 0.0 , 2.63656 , 1.4639 , 1.41042 , 1.52577 , 0.0 , 2.62821 , 0.23025 , 0.6598 , 0.0 , 0.0 , 0.26871 , 0.33142 , 0.21558 , 0.0 , 0.29309 , 4.29933 , 0.32141 , 2.19055 , 1.10424 , 1.21353 , 0.0 , 0.91814 , 0.0 , 3.09036 , 0.0 , 0.0 , 0.0 , 0.0 , 0.40483 , 0.1186 , 0.0 , 0.98705 , 0.01604
9 , 4.39498781164 , 1.19459233115 , 100 , 19:38:11.056427 , 3.34884 , 2.24949 , 4.39499 , 1.40867 , 0.0 , 0.26801 , 0.0 , 1.99249 , 0.71313 , 2.83074 , 0.0 , 1.99535 , 0.37559 , 1.61725 , 3.70436 , 0.0 , 0.0 , 0.0 , 0.0 , 1.2816 , 2.18144 , 0.0 , 3.21107 , 0.0 , 1.0432 , 1.95812 , 0.0 , 0.10556 , 3.70823 , 0.0 , 1.29737 , 1.21887 , 0.0 , 1.78172 , 1.39508 , 0.19206 , 0.0 , 1.69001 , 2.13516 , 4.06055 , 0.0 , 2.58782 , 3.05839 , 2.29825 , 3.88855 , 1.22049 , 0.91761 , 2.27113 , 1.86698 , 1.11086 , 0.0 , 0.35467 , 0.0 , 0.19924 , 2.42286 , 1.66361 , 2.16139 , 0.0 , 3.93899 , 3.35991 , 0.0 , 0.45501 , 0.60155 , 0.0 , 0.93766 , 0.22924 , 0.89413 , 3.1388 , 1.5996 , 0.27098 , 3.32042 , 0.00264 , 3.83861 , 0.0 , 2.63774 , 1.45396 , 0.0 , 1.87668 , 1.31288 , 0.0 , 1.35358 , 0.61083 , 0.0 , 0.0 , 0.0 , 0.02076 , 0.0 , 0.55066 , 0.0 , 0.0 , 2.83943 , 1.38422 , 0.15621 , 1.44428 , 0.85608 , 0.0 , 0.20824 , 0.0 , 1.98533
10 , 4.61506549517 , 1.23655733478 , 100 , 19:38:11.772732 , 1.58073 , 0.25116 , 2.30299 , 0.29209 , 0.0 , 2.87975 , 3.8814 , 0.0 , 0.60528 , 0.95225 , 0.4484 , 1.68585 , 1.4639 , 1.19327 , 0.0 , 2.35177 , 0.0 , 0.5462 , 0.0 , 1.29778 , 0.0 , 0.0 , 1.711 , 1.93135 , 0.10973 , 0.0 , 0.24862 , 0.0 , 0.0 , 0.11496 , 1.46832 , 0.0 , 0.0 , 0.0 , 0.0 , 0.0 , 3.76329 , 3.76663 , 0.61083 , 1.61385 , 0.0 , 1.39623 , 0.84305 , 0.70316 , 1.31786 , 0.7279 , 2.05199 , 1.6683 , 0.33234 , 0.00913 , 0.08808 , 0.59311 , 1.45396 , 0.11162 , 0.0 , 2.08935 , 2.93626 , 0.0 , 2.31956 , 2.12498 , 3.79517 , 3.28392 , 0.0 , 3.04985 , 4.46474 , 0.0 , 0.53039 , 3.44993 , 0.0 , 0.0 , 3.73753 , 2.73259 , 1.44428 , 1.35279 , 0.0 , 3.30549 , 0.77826 , 3.59703 , 2.42027 , 1.3336 , 0.56989 , 0.27601 , 4.61507 , 0.66078 , 1.30942 , 3.95659 , 0.0 , 1.97288 , 0.0 , 1.68138 , 1.93855 , 0.0 , 0.0 , 4.29933 , 3.02293 , 0.85518 , 1.38356
11 , 4.86544516683 , 1.48192358838 , 100 , 19:38:12.379674 , 1.64864 , 2.18773 , 3.40525 , 2.59489 , 1.5355 , 3.22134 , 0.0 , 0.0 , 2.91995 , 2.30682 , 1.68793 , 0.0 , 0.0 , 2.89504 , 2.42145 , 0.0 , 3.18498 , 0.29521 , 2.18075 , 3.89608 , 3.92383 , 1.59273 , 0.0 , 4.37707 , 0.0 , 1.07064 , 2.87975 , 1.38989 , 0.05688 , 2.54659 , 0.0 , 2.42431 , 0.43776 , 1.4781 , 0.12092 , 0.89619 , 3.43144 , 0.0969 , 4.20842 , 0.60093 , 2.50444 , 0.0 , 0.59903 , 0.0 , 4.86545 , 1.89956 , 1.21873 , 4.59154 , 1.4304 , 0.0 , 0.02939 , 0.0 , 3.70696 , 0.0 , 1.53396 , 1.35296 , 0.2843 , 0.57971 , 0.47375 , 0.0 , 3.0333 , 0.64826 , 0.16129 , 2.42655 , 0.03062 , 2.06923 , 0.0 , 0.0 , 0.94401 , 0.03002 , 1.35296 , 1.10684 , 0.0 , 2.5805 , 1.99621 , 2.08092 , 0.0 , 2.0621 , 0.47568 , 0.0 , 2.71637 , 1.06211 , 1.96517 , 0.4226 , 0.83694 , 0.13941 , 3.70436 , 2.13683 , 0.09533 , 0.0 , 3.09074 , 3.92446 , 0.69638 , 0.0 , 2.15889 , 3.54414 , 0.23297 , 4.128 , 3.35505
12 , 4.91445922852 , 1.37120057864 , 100 , 19:38:13.068816 , 4.02955 , 1.3297 , 0.11684 , 3.21583 , 2.7606 , 0.0 , 1.98454 , 0.0 , 1.68793 , 3.85557 , 3.38607 , 0.0 , 0.59579 , 2.51879 , 0.64544 , 4.20711 , 0.68446 , 0.05011 , 0.0 , 4.29933 , 3.51222 , 0.80058 , 4.34404 , 0.59602 , 4.91446 , 0.8703 , 2.45948 , 0.84987 , 0.13175 , 0.00314 , 0.0 , 0.17112 , 0.0 , 1.67941 , 0.0 , 4.53542 , 2.7538 , 0.0 , 1.66416 , 0.0 , 2.94303 , 0.0279 , 2.03931 , 0.0 , 2.08125 , 0.10542 , 0.51196 , 0.0 , 0.0 , 0.0 , 2.34976 , 3.33218 , 1.09217 , 0.74004 , 2.67673 , 0.0 , 0.0 , 2.3418 , 2.66135 , 3.09746 , 3.02679 , 0.0 , 0.18973 , 3.16509 , 0.00671 , 1.59498 , 0.25702 , 0.31793 , 2.21924 , 0.0 , 2.87975 , 1.10123 , 0.11918 , 3.83305 , 0.20552 , 1.01825 , 0.0 , 2.54513 , 0.70617 , 1.85957 , 0.0 , 0.0 , 0.16699 , 3.12902 , 0.03496 , 0.0 , 0.17502 , 3.11985 , 0.0 , 0.78915 , 0.0 , 1.15254 , 3.93361 , 0.28555 , 2.0342 , 0.0 , 1.00305 , 0.28257 , 3.04696 , 2.26747
13 , 4.79185784856 , 1.33503615576 , 100 , 19:38:13.783536 , 1.47725 , 4.24088 , 0.0 , 0.0 , 2.01012 , 3.82308 , 0.86345 , 2.09688 , 0.0 , 0.21697 , 0.0 , 0.0 , 3.70436 , 1.33091 , 0.14497 , 4.59852 , 1.23834 , 0.0 , 2.21236 , 0.3229 , 0.75523 , 3.16071 , 0.0 , 3.08042 , 3.70436 , 0.12416 , 2.10165 , 0.0 , 0.0 , 1.23316 , 0.0 , 0.0 , 0.0 , 1.69591 , 3.15211 , 2.86733 , 0.0 , 0.0 , 0.16349 , 0.03451 , 0.27681 , 3.17545 , 2.89661 , 3.63261 , 2.0065 , 4.01685 , 0.0 , 0.0 , 0.09106 , 0.00445 , 0.02081 , 0.36341 , 4.20711 , 3.53903 , 0.0 , 1.60984 , 0.04432 , 0.0 , 0.39239 , 0.0 , 0.0 , 2.30299 , 0.0 , 0.0 , 0.02932 , 3.40156 , 0.29919 , 0.0 , 0.01265 , 3.2203 , 3.99137 , 0.0 , 3.40948 , 1.88288 , 0.11557 , 0.0 , 2.3988 , 4.02189 , 4.23534 , 0.0 , 2.09591 , 0.0 , 3.57519 , 4.79186 , 2.03521 , 1.42541 , 0.0 , 3.79321 , 0.0 , 0.0 , 0.24368 , 0.0 , 0.0 , 1.08232 , 2.9257 , 1.28679 , 4.20711 , 0.08856
14 , 4.58425719539 , 1.24618675275 , 100 , 19:38:14.427702 , 3.51257 , 2.51732 , 0.0 , 0.0 , 1.39748 , 0.0 , 1.03736 , 0.0 , 3.03803 , 4.20711 , 3.50157 , 0.55774 , 0.45339 , 3.7377 , 0.0 , 4.44676 , 0.0 , 1.80582 , 0.0 , 0.0 , 2.26743 , 0.0 , 0.92869 , 0.09922 , 0.0 , 0.935 , 2.86234 , 0.7224 , 4.58426 , 0.29477 , 4.20711 , 3.85269 , 0.1253 , 3.70436 , 0.0 , 1.12354 , 1.75241 , 0.0 , 0.84776 , 0.0 , 0.0 , 0.0 , 1.45396 , 0.80564 , 0.0 , 2.08066 , 0.0 , 0.90877 , 1.73503 , 0.38958 , 3.46169 , 2.43876 , 0.0 , 0.86243 , 1.11568 , 1.76075 , 0.97276 , 0.72838 , 0.00466 , 0.0 , 0.0 , 0.0 , 0.0 , 2.32744 , 2.51406 , 0.85141 , 2.68508 , 1.8152 , 1.21359 , 0.30491 , 1.06731 , 0.0 , 0.0 , 3.71451 , 1.28039 , 3.18381 , 0.08271 , 4.20711 , 2.45826 , 0.20525 , 4.30809 , 0.88648 , 0.0 , 0.0 , 0.25294 , 2.79113 , 1.05015 , 0.27336 , 2.15909 , 0.0 , 1.52253 , 1.06711 , 0.0 , 1.8243 , 0.54029 , 1.82806 , 0.46511 , 0.0 , 0.50008
15 , 4.40849726647 , 1.2497689922 , 100 , 19:38:15.102727 , 1.53411 , 0.0 , 0.0 , 0.0 , 1.23077 , 0.12965 , 0.0 , 4.20711 , 0.77099 , 2.2774 , 3.79655 , 0.35386 , 0.24287 , 0.05452 , 0.90037 , 0.0 , 0.0 , 0.0 , 3.60933 , 4.20711 , 3.18986 , 0.0 , 0.0 , 0.0 , 4.29933 , 2.553 , 0.0 , 3.56141 , 1.84956 , 1.01182 , 3.36818 , 0.0 , 3.10857 , 0.0 , 0.0 , 3.86238 , 0.84144 , 0.69625 , 0.0 , 0.0 , 0.0 , 0.49731 , 0.0 , 0.0 , 3.69918 , 0.0 , 0.0 , 3.2541 , 3.24325 , 0.45066 , 0.0 , 0.0 , 3.35211 , 2.53485 , 0.0 , 1.11606 , 3.61855 , 0.18726 , 1.26549 , 0.0 , 0.0 , 3.19451 , 1.53411 , 0.0 , 3.05779 , 3.35428 , 0.55853 , 1.61097 , 0.76473 , 0.0 , 0.0 , 0.0 , 0.11488 , 2.05093 , 0.0 , 0.0 , 2.45826 , 3.06052 , 1.3617 , 3.11881 , 0.0 , 0.0 , 0.0 , 0.0 , 4.20711 , 0.00534 , 0.0 , 1.03262 , 3.71707 , 0.0 , 3.49172 , 2.35541 , 0.10115 , 1.34537 , 0.0 , 0.0 , 0.05508 , 4.4085 , 3.14217 , 0.0
16 , 4.53367949526 , 1.18981372329 , 100 , 19:38:15.769351 , 3.33756 , 0.0 , 0.43334 , 0.0 , 0.48545 , 0.12966 , 0.54214 , 1.3617 , 1.97137 , 2.71465 , 1.05616 , 0.0 , 0.0 , 3.92462 , 0.40023 , 1.9942 , 0.0 , 2.6516 , 0.0 , 4.29933 , 2.32707 , 0.61083 , 3.21227 , 0.04787 , 0.0 , 1.37531 , 0.91663 , 0.56831 , 0.57979 , 3.73051 , 2.04925 , 2.02585 , 2.26967 , 3.17816 , 0.0 , 0.05807 , 0.0 , 3.21561 , 2.51225 , 2.95294 , 0.0 , 0.94886 , 0.68105 , 0.0 , 0.0 , 0.37798 , 0.0 , 0.27772 , 1.50677 , 4.20711 , 0.0 , 2.79342 , 0.0 , 0.0 , 0.86092 , 0.0 , 0.1501 , 0.0 , 0.05478 , 0.22255 , 0.04271 , 0.0 , 0.0 , 0.0 , 0.0 , 0.9522 , 0.0 , 3.67703 , 0.53509 , 1.24148 , 0.56538 , 0.0 , 2.31698 , 1.17405 , 1.18485 , 3.58452 , 4.53368 , 0.0 , 3.98223 , 0.79333 , 0.0 , 0.0 , 2.7392 , 2.24289 , 4.25951 , 1.02953 , 1.4639 , 0.0 , 0.13451 , 0.78863 , 4.27446 , 3.14828 , 0.0 , 1.52723 , 3.29536 , 0.48061
17 , 4.20710989833 , 1.10318886907 , 100 , 19:38:16.488889 , 0.0 , 0.0 , 3.22148 , 0.77987 , 0.89613 , 0.0 , 0.73883 , 2.22685 , 0.0 , 2.54466 , 0.3369 , 0.39312 , 0.0 , 0.0 , 0.58986 , 2.41972 , 4.20711 , 1.44063 , 1.04788 , 1.55933 , 2.97118 , 2.13529 , 3.17428 , 0.0 , 0.91401 , 0.48326 , 1.4639 , 0.91581 , 0.0 , 1.11018 , 1.09965 , 0.0 , 1.18392 , 0.0 , 0.0 , 0.68527 , 0.0 , 0.0 , 0.0 , 2.7031 , 0.0 , 1.46912 , 0.11372 , 3.53283 , 0.0 , 0.0 , 0.0 , 3.26175 , 3.66756 , 1.52113 , 0.0 , 3.42652 , 0.0 , 3.51049 , 1.41947 , 1.19539 , 4.01712 , 0.0 , 2.19272 , 0.0 , 1.18224 , 0.0 , 0.37781 , 0.0 , 1.51443 , 0.52683 , 0.0 , 1.68311 , 0.0 , 1.25829 , 1.2567 , 1.19414 , 2.1307 , 0.0 , 4.00537 , 2.28864 , 1.34928 , 0.1242 , 2.30129 , 0.0 , 1.82292 , 0.53739 , 1.01665 , 0.0 , 3.60232 , 0.68752 , 0.0 , 0.0 , 0.0 , 0.32688 , 0.98584 , 0.36412 , 0.0 , 0.0 , 3.94275 , 0.0 , 3.36154 , 1.43243 , 0.47543 , 0.0
18 , 4.20710989833 , 1.34944190975 , 100 , 19:38:17.132800 , 0.0 , 0.91726 , 1.98915 , 1.38361 , 2.40366 , 3.1552 , 0.0 , 0.0 , 1.71158 , 2.202 , 0.24125 , 3.52616 , 1.41377 , 0.0 , 0.05148 , 3.0961 , 3.45156 , 0.7312 , 0.0 , 0.13963 , 0.0 , 0.93101 , 1.18862 , 0.25141 , 0.0 , 1.25084 , 3.49933 , 2.38789 , 1.67064 , 0.0 , 0.40085 , 3.01706 , 1.38909 , 0.32565 , 3.73433 , 0.23956 , 0.37485 , 1.08614 , 0.92228 , 0.0 , 1.21765 , 3.4021 , 3.13516 , 0.0 , 1.39032 , 2.0244 , 0.15992 , 1.65514 , 2.3729 , 1.72021 , 0.52468 , 1.31541 , 3.049 , 1.36827 , 1.92022 , 0.22196 , 3.33592 , 1.45396 , 4.05138 , 1.99383 , 0.4134 , 2.22058 , 2.78148 , 0.86979 , 0.0 , 0.49146 , 0.34963 , 2.00045 , 1.62593 , 1.9065 , 0.0 , 0.9278 , 0.99365 , 0.36684 , 0.13734 , 0.92627 , 1.67678 , 3.73382 , 0.17708 , 3.00469 , 0.63005 , 1.33188 , 4.20711 , 3.88462 , 0.28256 , 0.0 , 1.88686 , 1.63765 , 2.42425 , 0.0 , 1.85253 , 0.54478 , 1.11606 , 1.66608 , 0.65489 , 2.82577 , 0.0
19 , 4.20393379033 , 1.21820547146 , 100 , 19:38:17.841356 , 3.0204 , 0.0 , 3.86802 , 0.0 , 1.23234 , 3.52846 , 4.20393 , 0.71112 , 3.38092 , 1.11606 , 3.20778 , 0.0 , 0.0 , 0.0 , 0.0 , 0.0 , 0.07273 , 2.56946 , 0.0 , 0.07169 , 0.0 , 1.12362 , 0.0 , 0.0 , 0.0 , 3.00932 , 1.78496 , 1.87109 , 1.63498 , 0.0 , 2.05112 , 0.99864 , 0.0 , 0.0 , 3.88756 , 1.5265 , 3.1067 , 2.6493 , 0.0 , 0.0 , 1.24608 , 0.0 , 0.1776 , 2.17429 , 0.0 , 1.22319 , 0.05676 , 3.47127 , 0.0 , 0.0 , 0.0 , 1.48039 , 4.04526 , 0.0 , 3.30934 , 1.82711 , 3.26021 , 0.75945 , 1.41335 , 0.94949 , 1.70147 , 0.0 , 1.86714 , 0.20963 , 0.51873 , 3.26365 , 0.51485 , 3.72537 , 3.87544 , 1.256 , 0.50955 , 0.58899 , 1.37854 , 0.887 , 0.0 , 0.17168 , 1.39031 , 0.0 , 0.0 , 0.0 , 2.23806 , 0.32871 , 0.0 , 0.50232 , 2.95086 , 0.0 , 3.69297 , 3.36654 , 2.28388 , 1.45086 , 0.17884 , 3.42591 , 0.0 , 0.0 , 1.23594 , 0.0 , 0.0 , 2.2868 , 0.0
20 , 5.22048686693 , 1.35542395212 , 100 , 19:38:18.586117 , 3.51546 , 0.39073 , 2.43107 , 0.0 , 1.90178 , 0.90923 , 0.77194 , 0.0 , 4.20326 , 0.0 , 3.01793 , 0.97111 , 0.51453 , 0.2569 , 1.11606 , 3.65497 , 3.53786 , 1.73664 , 1.33075 , 0.57707 , 1.66726 , 0.0 , 1.5066 , 2.09285 , 0.0 , 3.33196 , 0.0 , 0.49299 , 0.0 , 0.0 , 1.30086 , 0.40422 , 3.50677 , 0.0 , 1.81022 , 0.0 , 0.43712 , 0.0 , 1.81077 , 0.0 , 0.62499 , 2.91866 , 0.0 , 0.63032 , 0.03195 , 2.82494 , 0.0 , 3.03144 , 0.15834 , 0.0 , 3.43045 , 2.40583 , 1.58984 , 2.35554 , 0.0 , 5.22049 , 2.29888 , 2.66586 , 0.00624 , 3.44194 , 2.87052 , 3.43932 , 2.58737 , 0.82697 , 0.14302 , 3.5195 , 1.43462 , 3.39687 , 0.03605 , 0.0 , 0.83731 , 0.0 , 0.0 , 4.79088 , 0.0 , 2.73491 , 2.14644 , 0.0 , 0.0 , 0.80594 , 0.0 , 0.0 , 1.29276 , 1.74051 , 0.01201 , 0.81836 , 1.16131 , 0.0 , 0.0 , 0.01957 , 3.46834 , 0.0 , 1.07942 , 0.64473 , 0.55373 , 3.235 , 3.36881 , 4.0315 , 0.85323 , 0.85874
21 , 4.09982716044 , 1.42501108119 , 100 , 19:38:19.355221 , 2.62102 , 3.62153 , 0.49642 , 0.0 , 3.11843 , 1.73709 , 0.0 , 1.01469 , 1.41219 , 2.8073 , 0.62051 , 0.0 , 0.0 , 0.81357 , 1.7721 , 0.0 , 0.0 , 0.08646 , 0.20075 , 2.28864 , 0.08638 , 1.22244 , 3.02591 , 4.05541 , 1.21711 , 3.62226 , 0.62914 , 0.27194 , 0.0 , 3.68579 , 3.51477 , 0.0 , 1.55541 , 0.23743 , 3.2552 , 0.0 , 1.21711 , 1.29915 , 1.98207 , 1.36976 , 0.84109 , 2.50846 , 0.06436 , 0.0 , 0.0 , 0.0 , 3.80725 , 1.6724 , 0.0465 , 1.02741 , 0.0 , 3.52335 , 0.0 , 0.0 , 3.84999 , 2.75212 , 3.31588 , 0.69692 , 3.59872 , 3.16435 , 0.09883 , 0.64839 , 0.0 , 3.56504 , 0.0 , 0.75161 , 0.0 , 3.53049 , 3.12647 , 3.62806 , 0.95634 , 3.29126 , 0.0 , 0.11634 , 0.0 , 0.21183 , 3.50631 , 3.0375 , 2.18091 , 4.09983 , 0.31327 , 0.0 , 0.3238 , 3.00488 , 0.27747 , 0.96543 , 3.60454 , 2.38507 , 2.90258 , 0.0 , 0.31503 , 0.0 , 0.82294 , 3.20632 , 3.78149 , 1.66143 , 0.0 , 0.0 , 0.46086
22 , 4.38140407205 , 1.24220732933 , 100 , 19:38:20.145554 , 0.47742 , 0.32726 , 3.64182 , 0.0 , 0.0 , 3.75575 , 0.61485 , 0.0 , 1.66909 , 0.0 , 0.0 , 0.39087 , 0.29038 , 0.0 , 3.72323 , 0.0 , 3.5267 , 1.97537 , 0.68596 , 0.0 , 0.58024 , 4.3814 , 0.0 , 0.0 , 4.00152 , 0.85313 , 3.13367 , 3.08388 , 0.0 , 1.5591 , 0.04667 , 0.42398 , 0.88544 , 4.27828 , 0.0 , 0.94441 , 0.53953 , 0.0 , 1.17838 , 0.0 , 2.9958 , 3.53236 , 0.0 , 0.0 , 0.9418 , 0.83456 , 0.95661 , 1.05159 , 3.43055 , 2.27943 , 0.25938 , 3.41367 , 2.90871 , 1.10175 , 3.30252 , 2.54773 , 0.52539 , 0.12254 , 1.69633 , 0.86472 , 0.0 , 2.40348 , 0.0 , 0.0 , 0.0 , 3.66235 , 2.82153 , 3.57937 , 0.0 , 3.74474 , 0.0 , 0.0 , 3.12928 , 3.52104 , 1.37056 , 0.0 , 2.36702 , 0.0 , 0.0 , 0.0 , 0.0 , 0.0 , 0.21028 , 1.27663 , 1.43534 , 0.0 , 2.91337 , 0.60943 , 0.0 , 1.8683 , 3.37831 , 0.7714 , 0.83998 , 0.8237 , 0.0 , 1.11606 , 1.4629 , 0.0 , 1.18182 , 0.0
23 , 5.11705852548 , 1.35636177289 , 100 , 19:38:20.848770 , 0.0 , 1.06809 , 0.0 , 1.81384 , 1.37617 , 0.21059 , 0.53057 , 0.74949 , 3.85281 , 0.04163 , 3.06377 , 0.29392 , 2.63673 , 0.30478 , 0.0 , 0.76596 , 0.0 , 3.27235 , 0.0 , 2.94077 , 0.57323 , 2.34364 , 0.0 , 0.25218 , 0.0 , 3.78436 , 3.67724 , 0.34372 , 4e-05 , 0.0 , 0.0 , 0.0 , 1.56067 , 0.0 , 0.0 , 0.31925 , 1.68617 , 0.0 , 0.0 , 0.31707 , 0.0 , 5.11706 , 0.0 , 1.38988 , 1.55499 , 3.78933 , 2.47029 , 1.21544 , 3.40091 , 3.06186 , 3.50736 , 0.83131 , 0.0 , 1.90231 , 3.59938 , 1.29436 , 0.70298 , 3.88807 , 0.0 , 1.25103 , 0.0 , 2.59636 , 0.13445 , 0.0 , 0.06362 , 4.34893 , 4.15859 , 3.84633 , 2.06939 , 3.47669 , 0.0 , 2.75255 , 0.0 , 0.78901 , 0.0 , 2.57442 , 0.0 , 1.01337 , 1.82949 , 4.00797 , 3.40196 , 3.47467 , 0.92849 , 0.0 , 0.88757 , 0.0 , 0.0 , 3.13635 , 0.39356 , 2.65739 , 0.44275 , 0.0 , 0.0 , 3.10127 , 1.02033 , 1.16267 , 1.00321 , 3.54915 , 0.06003
24 , 4.33175841967 , 1.41375917878 , 100 , 19:38:21.592238 , 3.79349 , 0.96328 , 3.3531 , 0.32786 , 3.53424 , 0.55782 , 3.81321 , 1.21276 , 2.67171 , 3.49153 , 3.5169 , 2.27989 , 3.7038 , 0.12512 , 2.53501 , 0.0 , 0.52414 , 3.67096 , 3.67372 , 3.08969 , 0.0 , 1.03738 , 3.0387 , 0.0 , 1.01729 , 0.0 , 3.48209 , 3.54151 , 0.0 , 0.73763 , 0.0 , 3.60246 , 3.40847 , 0.0 , 3.32645 , 3.35301 , 0.13269 , 1.70499 , 0.61019 , 2.34364 , 0.9291 , 2.79153 , 4.33176 , 3.28001 , 1.58308 , 3.34184 , 1.39137 , 0.0 , 0.0 , 3.03763 , 0.0 , 0.01033 , 3.3472 , 0.69383 , 0.05981 , 1.62965 , 3.2148 , 1.66398 , 1.15614 , 0.3348 , 0.65 , 0.0 , 0.40967 , 3.06417 , 0.30391 , 0.0 , 0.3391 , 0.23624 , 1.30735 , 0.0 , 0.88219 , 3.61146 , 0.0 , 0.0 , 2.87221 , 0.0 , 3.02149 , 0.0 , 1.54289 , 0.56693 , 0.88348 , 0.56434 , 3.30785 , 0.0 , 0.87538 , 0.15418 , 0.0 , 0.63839 , 0.0 , 2.98896 , 0.0 , 0.22544 , 0.45892 , 1.12849 , 0.0 , 0.37125 , 0.0 , 0.0
25 , 4.78525462747 , 1.25855718159 , 100 , 19:38:22.357665 , 0.0 , 0.33397 , 0.0 , 0.0 , 0.0 , 0.0 , 4.56811 , 0.0 , 0.0 , 2.25589 , 0.0 , 0.0 , 0.5673 , 2.67092 , 1.07297 , 0.0 , 1.52757 , 0.0 , 4.78525 , 0.0 , 0.81437 , 0.86941 , 1.69584 , 0.0 , 0.0 , 1.51062 , 0.0 , 2.92891 , 0.0 , 0.25986 , 3.23059 , 1.1591 , 1.82705 , 0.30968 , 3.80801 , 2.9772 , 3.5973 , 3.38465 , 0.0 , 3.02173 , 1.76202 , 1.93347 , 0.0 , 3.30973 , 0.22472 , 0.21262 , 0.0 , 0.13334 , 0.49692 , 0.0 , 3.15756 , 0.0 , 0.36339 , 0.0 , 0.0 , 0.0 , 0.0 , 1.10238 , 1.20188 , 3.41441 , 0.0 , 1.44938 , 1.28881 , 3.53395 , 2.67649 , 0.74108 , 0.0 , 0.0 , 3.77112 , 2.90736 , 1.69977 , 0.0 , 2.01395 , 1.05908 , 3.61088 , 1.08318 , 0.0 , 0.40131 , 3.75036 , 2.29746 , 1.02334 , 0.5536 , 3.34653 , 0.0 , 3.50846 , 0.03157 , 0.11666 , 1.84424 , 2.88025 , 0.0 , 3.79352 , 0.0 , 0.0 , 1.26417 , 2.9416 , 1.07631 , 2.81141 , 1.89112
26 , 4.40188649297 , 1.44602976151 , 100 , 19:38:23.125463 , 0.0 , 0.5944 , 1.62331 , 0.0 , 0.62823 , 0.54569 , 0.45647 , 3.1746 , 0.0 , 0.24074 , 0.0 , 0.0 , 3.11232 , 1.2959 , 0.0 , 0.0 , 0.0 , 4.40189 , 0.48202 , 0.26704 , 3.3345 , 0.0 , 0.0 , 2.84566 , 0.0 , 3.45661 , 0.0 , 0.0 , 0.0 , 0.0 , 0.59375 , 0.28079 , 3.26706 , 0.0 , 3.19575 , 4.15868 , 0.03331 , 0.0 , 4.30272 , 0.74993 , 0.0 , 0.40131 , 3.20078 , 3.57145 , 1.78105 , 3.41603 , 1.55054 , 0.0 , 0.0 , 1.82376 , 3.42033 , 3.03651 , 1.64262 , 0.0 , 3.77706 , 1.1989 , 4.36269 , 1.05483 , 3.03847 , 0.0 , 0.56831 , 3.33627 , 1.66765 , 1.78513 , 0.90491 , 1.69531 , 0.24978 , 1.64415 , 3.52881 , 2.8895 , 3.40676 , 3.82156 , 1.35537 , 3.32125 , 1.31736 , 2.33586 , 0.0 , 0.0 , 1.72342 , 0.0 , 3.30416 , 0.88003 , 1.81617 , 0.0 , 3.99491 , 0.87884 , 3.20493 , 0.0 , 0.87234 , 1.33889 , 0.35796 , 3.3991 , 0.25707 , 0.21677 , 0.0 , 3.68711 , 3.06996 , 1.45557
27 , 4.32115850349 , 1.17145601829 , 100 , 19:38:23.948378 , 0.25719 , 0.0 , 3.63244 , 3.7305 , 2.05367 , 0.0 , 0.82753 , 0.0 , 3.67767 , 1.77586 , 0.0 , 2.06374 , 0.60897 , 1.02142 , 0.00242 , 3.53529 , 0.0 , 0.52329 , 4.0192 , 1.38397 , 4.32116 , 0.0 , 0.0 , 3.97885 , 2.98734 , 0.0 , 0.0 , 0.0 , 0.0 , 0.0 , 0.0 , 3.17865 , 0.1726 , 2.58709 , 4.07948 , 0.0 , 3.09752 , 0.0 , 0.63233 , 1.79117 , 0.73451 , 3.44606 , 0.0 , 0.98267 , 1.87853 , 0.82148 , 0.0 , 0.0 , 0.17631 , 0.00295 , 0.0 , 0.0 , 0.07451 , 1.33132 , 0.0 , 0.0 , 0.0 , 0.0 , 1.71698 , 3.41509 , 3.35622 , 0.0 , 0.25011 , 3.65712 , 0.91025 , 0.0 , 0.27975 , 1.19987 , 0.0 , 0.32561 , 0.0 , 0.0 , 3.44335 , 0.0 , 3.69374 , 3.88585 , 3.23853 , 2.94398 , 1.0672 , 0.0 , 0.0 , 1.74919 , 0.48129 , 0.0 , 0.0 , 2.83304 , 1.61742 , 0.0 , 0.0 , 2.96327 , 0.24807 , 1.15926 , 1.73408 , 3.82031 , 0.34919 , 0.0 , 1.25972 , 0.15943
28 , 4.36467975378 , 1.19142898939 , 100 , 19:38:24.654612 , 0.0 , 0.0 , 1.08349 , 0.20377 , 3.6425 , 0.0 , 0.0 , 1.16823 , 1.90295 , 0.01838 , 3.0019 , 0.26602 , 0.0 , 0.0 , 0.16799 , 0.0 , 2.15087 , 1.66451 , 0.8418 , 1.59005 , 0.0 , 0.0 , 0.0 , 0.31524 , 2.83282 , 2.79494 , 0.0 , 1.12418 , 0.0 , 0.0 , 1.53539 , 0.0 , 0.21696 , 3.79196 , 1.43744 , 0.9025 , 0.0 , 4.36468 , 1.35635 , 0.51153 , 0.0 , 1.63297 , 3.2437 , 0.54457 , 1.77169 , 0.0 , 0.40438 , 1.88028 , 1.22214 , 1.40629 , 2.17589 , 1.08046 , 3.04055 , 3.7742 , 0.0 , 3.43551 , 0.0 , 3.11282 , 0.0 , 1.26872 , 0.0 , 1.98186 , 2.65187 , 1.62962 , 1.11132 , 3.24698 , 0.0 , 1.36926 , 0.0 , 1.14938 , 3.56796 , 0.55288 , 2.91941 , 0.50866 , 3.65839 , 1.16681 , 1.14459 , 3.87884 , 0.0 , 0.0 , 0.0 , 0.0 , 0.0 , 3.47994 , 2.36072 , 1.43812 , 2.96293 , 1.90109 , 0.0 , 0.0 , 1.0681 , 0.93059 , 0.0 , 1.72875 , 0.24405 , 0.0 , 0.29747 , 0.0 , 3.30848 , 0.00417
29 , 4.36621338129 , 1.20692437152 , 100 , 19:38:25.411880 , 0.49947 , 1.25492 , 0.55773 , 0.86056 , 0.18974 , 0.10823 , 0.0 , 0.0 , 0.0 , 1.84347 , 4.19691 , 0.0 , 0.0 , 0.26477 , 2.51916 , 0.49071 , 0.56015 , 2.89583 , 3.51977 , 0.0 , 3.08741 , 3.21739 , 0.87698 , 0.61547 , 3.48443 , 1.25771 , 0.0 , 3.53197 , 0.50665 , 2.3178 , 1.35645 , 0.0 , 0.98415 , 0.19752 , 0.72198 , 0.0 , 3.876 , 3.10816 , 3.8719 , 1.93759 , 0.07315 , 0.0 , 1.30262 , 0.76607 , 2.06481 , 0.29488 , 0.0 , 3.18865 , 3.49222 , 0.14762 , 3.76453 , 1.41881 , 0.64822 , 0.0 , 3.46989 , 2.35452 , 3.34324 , 0.0 , 0.38068 , 0.1119 , 0.05997 , 0.0 , 1.75704 , 1.73838 , 0.93371 , 0.95409 , 3.34705 , 0.0 , 1.47399 , 2.51171 , 2.22531 , 1.34406 , 0.0 , 0.0 , 0.0 , 0.78283 , 0.0 , 0.0 , 3.83986 , 0.0 , 0.0 , 0.0 , 4.36621 , 0.0 , 0.0 , 0.15944 , 2.10624 , 0.922 , 0.0 , 0.00735 , 1.96312 , 2.43316 , 0.16385 , 0.0 , 2.10235 , 0.37681 , 0.0 , 2.12426 , 1.46679
30 , 5.52727751931 , 1.30924264175 , 100 , 19:38:26.168967 , 3.50715 , 3.56138 , 0.0 , 0.31787 , 1.54798 , 1.21995 , 0.02773 , 0.0 , 0.0 , 4.21674 , 0.34007 , 3.52952 , 0.0 , 0.0 , 0.0 , 0.0 , 1.05137 , 1.37904 , 1.30874 , 3.64952 , 0.01101 , 0.0 , 0.0 , 1.84088 , 0.87275 , 3.23811 , 0.74309 , 0.0 , 0.71734 , 2.71569 , 0.41852 , 0.60329 , 1.78009 , 0.64311 , 1.5718 , 0.0 , 2.11127 , 3.00666 , 0.0 , 0.1428 , 0.0 , 0.0549 , 0.01937 , 3.18392 , 1.13086 , 1.79603 , 3.45892 , 0.0 , 0.13574 , 1.43565 , 0.03411 , 1.55409 , 0.0 , 0.03009 , 2.70842 , 5.52728 , 0.09245 , 0.24752 , 0.24699 , 0.0 , 2.01717 , 0.38351 , 3.09679 , 0.0 , 1.56151 , 1.54378 , 0.0 , 3.55487 , 1.91392 , 0.0 , 2.95817 , 0.5264 , 3.47118 , 0.55018 , 1.23477 , 0.84514 , 3.38357 , 1.66823 , 2.15215 , 0.1622 , 3.53371 , 0.0 , 4.36801 , 0.53671 , 0.10488 , 1.17226 , 4.41117 , 3.0332 , 1.39141 , 0.0 , 1.06127 , 1.98334 , 0.0 , 3.40229 , 0.89949 , 1.27776 , 0.87032 , 2.44001 , 1.68511
31 , 4.41345273455 , 1.24878381569 , 100 , 19:38:26.958389 , 0.40861 , 3.23381 , 2.28492 , 4.20647 , 3.16108 , 1.39949 , 1.75248 , 0.60019 , 1.46691 , 0.0 , 3.48418 , 0.48129 , 0.8637 , 3.64006 , 0.0 , 0.92572 , 3.23659 , 3.1688 , 0.0 , 0.88069 , 0.0 , 0.0 , 1.10976 , 2.26127 , 3.42773 , 1.37002 , 0.78563 , 0.91144 , 1.5037 , 2.04276 , 0.0 , 0.7348 , 1.26477 , 0.58194 , 3.20406 , 3.78027 , 0.71012 , 4.12583 , 1.26048 , 1.7733 , 1.582 , 3.65271 , 0.55591 , 0.0 , 0.0 , 2.97718 , 0.0 , 1.95261 , 0.57102 , 1.41779 , 0.0 , 0.0 , 0.42874 , 0.38552 , 1.12777 , 0.88368 , 0.0 , 0.09021 , 2.82877 , 1.67621 , 1.94423 , 0.0 , 1.9346 , 0.0 , 0.44119 , 4.41345 , 0.0 , 2.83668 , 1.04383 , 0.0 , 1.25726 , 0.71318 , 0.0 , 2.67956 , 0.12826 , 0.0 , 0.0 , 0.0 , 0.0 , 3.3638 , 1.9419 , 1.22451 , 0.0 , 0.0 , 0.19823 , 0.735 , 1.70943 , 0.0 , 1.65136 , 0.0 , 0.01932 , 0.0 , 0.0 , 3.81699 , 0.0 , 3.56832 , 0.0 , 3.08424 , 0.0
32 , 4.8604733292 , 1.35717141607 , 100 , 19:38:27.737718 , 3.47569 , 1.27036 , 0.8258 , 1.3113 , 0.16308 , 2.01031 , 0.93392 , 3.33067 , 0.0 , 0.0 , 3.25409 , 3.1782 , 1.66861 , 0.0 , 0.12356 , 0.68438 , 0.82398 , 1.08602 ,